/*
SQLyog Professional v12.09 (64 bit)
MySQL - 5.7.38 : Database - weichou-new
*********************************************************************
*/

/*!40101 SET NAMES utf8 */;

/*!40101 SET SQL_MODE=''*/;

/*!40014 SET @OLD_UNIQUE_CHECKS=@@UNIQUE_CHECKS, UNIQUE_CHECKS=0 */;
/*!40014 SET @OLD_FOREIGN_KEY_CHECKS=@@FOREIGN_KEY_CHECKS, FOREIGN_KEY_CHECKS=0 */;
/*!40101 SET @OLD_SQL_MODE=@@SQL_MODE, SQL_MODE='NO_AUTO_VALUE_ON_ZERO' */;
/*!40111 SET @OLD_SQL_NOTES=@@SQL_NOTES, SQL_NOTES=0 */;
CREATE DATABASE /*!32312 IF NOT EXISTS*/`weichou-new` /*!40100 DEFAULT CHARACTER SET utf8mb4 */;

USE `weichou-new`;

/*Table structure for table `biz_asset` */

DROP TABLE IF EXISTS `biz_asset`;

CREATE TABLE `biz_asset` (
  `id` bigint(20) NOT NULL AUTO_INCREMENT,
  `asset_type` varchar(255) DEFAULT NULL,
  `create_time` datetime(6) DEFAULT NULL,
  `update_time` datetime(6) DEFAULT NULL,
  `url` varchar(255) DEFAULT NULL,
  `detail_id` bigint(20) DEFAULT NULL,
  PRIMARY KEY (`id`),
  KEY `FKavtrkshdln2j1l94wgas23kf5` (`detail_id`),
  CONSTRAINT `FKavtrkshdln2j1l94wgas23kf5` FOREIGN KEY (`detail_id`) REFERENCES `biz_campaign_detail` (`id`)
) ENGINE=InnoDB AUTO_INCREMENT=44 DEFAULT CHARSET=utf8mb4;

/*Data for the table `biz_asset` */

insert  into `biz_asset`(`id`,`asset_type`,`create_time`,`update_time`,`url`,`detail_id`) values (1,'IMAGE','2022-05-08 01:13:16.394000','2022-05-08 01:13:16.394000','http://localhost:8080/file/img/20220508011316367.jpeg',1),(2,'IMAGE','2022-05-08 01:13:18.222000','2022-05-08 01:13:18.222000','http://localhost:8080/file/img/20220508011318197.jpg',1),(3,'IMAGE','2022-05-08 10:34:53.806000','2022-05-08 10:34:53.806000','http://localhost:8080/file/img/20220508103453795.jpg',1),(8,'IMAGE','2022-05-08 11:00:40.202000','2022-05-08 11:00:40.202000','http://localhost:8080/file/img/20220508110040122.jpg',6),(9,'IMAGE','2022-05-08 11:00:42.275000','2022-05-08 11:00:42.275000','http://localhost:8080/file/img/20220508110042161.jpg',6),(10,'VIDEO','2022-05-08 11:00:59.844000','2022-05-08 11:00:59.844000','//player.bilibili.com/player.html?aid=213871256&bvid=BV1da411a7vU&cid=712037048&page=1',6),(11,'IMAGE','2022-05-08 11:18:34.332000','2022-05-08 11:18:34.332000','http://localhost:8080/file/img/20220508111834196.jpg',8),(12,'IMAGE','2022-05-08 11:18:35.977000','2022-05-08 11:18:35.977000','http://localhost:8080/file/img/20220508111835768.jpg',8),(13,'IMAGE','2022-05-08 11:18:37.639000','2022-05-08 11:18:37.639000','http://localhost:8080/file/img/20220508111837446.jpg',8),(14,'IMAGE','2022-05-08 11:18:39.148000','2022-05-08 11:18:39.148000','http://localhost:8080/file/img/20220508111838941.jpg',8),(15,'IMAGE','2022-05-08 11:18:41.133000','2022-05-08 11:18:41.133000','http://localhost:8080/file/img/20220508111840905.jpg',8),(16,'IMAGE','2022-05-08 11:18:42.815000','2022-05-08 11:18:42.815000','http://localhost:8080/file/img/20220508111842649.jpg',8),(17,'IMAGE','2022-05-08 11:18:44.866000','2022-05-08 11:18:44.866000','http://localhost:8080/file/img/20220508111844697.jpg',8),(18,'VIDEO','2022-05-08 11:21:24.694000','2022-05-08 11:21:24.694000','//player.bilibili.com/player.html?aid=21356508&bvid=BV1wW411u7vX&cid=35117927&page=1',8),(19,'IMAGE','2022-05-08 11:33:54.674000','2022-05-08 11:33:54.674000','http://localhost:8080/file/img/20220508113354488.jpg',9),(20,'IMAGE','2022-05-08 11:33:56.182000','2022-05-08 11:33:56.182000','http://localhost:8080/file/img/20220508113355993.jpg',9),(21,'IMAGE','2022-05-08 11:33:57.756000','2022-05-08 11:33:57.756000','http://localhost:8080/file/img/20220508113357559.jpg',9),(22,'IMAGE','2022-05-08 11:33:59.329000','2022-05-08 11:33:59.329000','http://localhost:8080/file/img/20220508113359097.jpg',9),(23,'IMAGE','2022-05-08 11:34:01.358000','2022-05-08 11:34:01.358000','http://localhost:8080/file/img/20220508113401184.jpg',9),(24,'VIDEO','2022-05-08 11:35:15.242000','2022-05-08 11:35:15.242000','//player.bilibili.com/player.html?aid=57265227&bvid=BV19x41197sY&cid=99990330&page=1',9),(25,'IMAGE','2022-05-08 11:42:58.230000','2022-05-08 11:42:58.230000','http://localhost:8080/file/img/20220508114258033.jpg',11),(26,'IMAGE','2022-05-08 11:42:59.785000','2022-05-08 11:42:59.785000','http://localhost:8080/file/img/20220508114259591.jpg',11),(27,'IMAGE','2022-05-08 11:43:01.876000','2022-05-08 11:43:01.876000','http://localhost:8080/file/img/20220508114301710.jpg',11),(28,'IMAGE','2022-05-08 11:43:03.762000','2022-05-08 11:43:03.762000','http://localhost:8080/file/img/20220508114303567.jpg',11),(29,'IMAGE','2022-05-08 11:43:07.274000','2022-05-08 11:43:07.274000','http://localhost:8080/file/img/20220508114307085.jpg',11),(30,'IMAGE','2022-05-09 13:15:14.104000','2022-05-09 13:15:14.104000','http://localhost:8080/file/img/20220509211513976.jpg',NULL),(31,'IMAGE','2022-05-09 13:15:15.695000','2022-05-09 13:15:15.695000','http://localhost:8080/file/img/20220509211515554.jpg',NULL),(32,'VIDEO','2022-05-09 13:16:08.631000','2022-05-09 13:16:08.631000','//player.bilibili.com/player.html?aid=768661251&bvid=BV12r4y1b7gF&cid=590110362&page=1',NULL),(33,'IMAGE','2022-05-09 14:31:14.991000','2022-05-09 14:31:14.991000','http://localhost:8080/file/img/20220509223114865.jpg',NULL),(34,'IMAGE','2022-05-09 14:31:16.412000','2022-05-09 14:31:16.412000','http://localhost:8080/file/img/20220509223116266.jpg',NULL),(35,'IMAGE','2022-05-09 14:31:17.662000','2022-05-09 14:31:17.662000','http://localhost:8080/file/img/20220509223117529.jpg',NULL),(36,'IMAGE','2022-05-09 14:31:19.551000','2022-05-09 14:31:19.551000','http://localhost:8080/file/img/20220509223119392.jpg',NULL),(37,'IMAGE','2022-05-09 14:34:01.024000','2022-05-09 14:34:01.024000','http://localhost:8080/file/img/20220509223400904.jpg',NULL),(38,'IMAGE','2022-05-09 14:34:02.257000','2022-05-09 14:34:02.257000','http://localhost:8080/file/img/20220509223402154.jpg',NULL),(39,'IMAGE','2022-05-09 14:34:03.643000','2022-05-09 14:34:03.643000','http://localhost:8080/file/img/20220509223403552.jpg',NULL),(40,'IMAGE','2022-05-10 15:07:44.616000','2022-05-10 15:07:44.616000','http://localhost:8080/file/img/20220510230744467.jpg',37),(41,'IMAGE','2022-05-10 15:07:46.607000','2022-05-10 15:07:46.607000','http://localhost:8080/file/img/20220510230746507.jpg',37),(42,'IMAGE','2022-05-10 15:07:50.412000','2022-05-10 15:07:50.412000','http://localhost:8080/file/img/20220510230750309.jpg',37),(43,'IMAGE','2022-05-10 15:07:52.218000','2022-05-10 15:07:52.218000','http://localhost:8080/file/img/20220510230752107.jpg',37);

/*Table structure for table `biz_campaign_detail` */

DROP TABLE IF EXISTS `biz_campaign_detail`;

CREATE TABLE `biz_campaign_detail` (
  `id` bigint(20) NOT NULL AUTO_INCREMENT,
  `create_time` datetime(6) DEFAULT NULL,
  `update_time` datetime(6) DEFAULT NULL,
  `intro_id` bigint(20) DEFAULT NULL,
  PRIMARY KEY (`id`),
  KEY `FKjcmuedyvf87xbi9mberh90jd1` (`intro_id`),
  CONSTRAINT `FKjcmuedyvf87xbi9mberh90jd1` FOREIGN KEY (`intro_id`) REFERENCES `biz_campaign_intro` (`id`)
) ENGINE=InnoDB AUTO_INCREMENT=38 DEFAULT CHARSET=utf8mb4;

/*Data for the table `biz_campaign_detail` */

insert  into `biz_campaign_detail`(`id`,`create_time`,`update_time`,`intro_id`) values (1,'2022-05-08 01:11:49.155000','2022-05-08 01:11:49.155000',NULL),(2,'2022-05-08 10:33:44.059000','2022-05-08 10:33:44.059000',NULL),(3,'2022-05-08 10:38:16.565000','2022-05-08 10:38:16.565000',NULL),(4,'2022-05-08 10:42:04.708000','2022-05-08 10:42:04.708000',NULL),(5,'2022-05-08 10:52:43.446000','2022-05-08 10:52:43.446000',NULL),(6,'2022-05-08 10:56:02.540000','2022-05-08 10:56:02.540000',NULL),(7,'2022-05-08 11:03:05.184000','2022-05-08 11:03:05.184000',NULL),(8,'2022-05-08 11:17:31.442000','2022-05-08 11:17:31.442000',8),(9,'2022-05-08 11:33:08.714000','2022-05-08 11:33:08.714000',9),(10,'2022-05-08 11:39:19.166000','2022-05-08 11:39:19.166000',NULL),(11,'2022-05-08 11:42:46.085000','2022-05-08 11:42:46.085000',11),(37,'2022-05-10 15:07:25.131000','2022-05-10 15:07:25.131000',30);

/*Table structure for table `biz_campaign_intro` */

DROP TABLE IF EXISTS `biz_campaign_intro`;

CREATE TABLE `biz_campaign_intro` (
  `id` bigint(20) NOT NULL AUTO_INCREMENT,
  `create_time` datetime(6) DEFAULT NULL,
  `current_money` double NOT NULL DEFAULT '0',
  `description` varchar(255) DEFAULT NULL,
  `end_time` datetime(6) DEFAULT NULL,
  `is_eye` bit(1) NOT NULL,
  `location` varchar(255) DEFAULT NULL,
  `poster_img` varchar(255) DEFAULT NULL,
  `title` varchar(255) DEFAULT NULL,
  `total_money` double DEFAULT NULL,
  `update_time` datetime(6) DEFAULT NULL,
  `detail_id` bigint(20) DEFAULT NULL,
  `category_id` bigint(20) DEFAULT NULL,
  `owner_id` bigint(20) DEFAULT NULL,
  PRIMARY KEY (`id`),
  KEY `FK9kgejrr2qjykhxo85j0xxv1dr` (`detail_id`),
  KEY `FK43qschwki1oecm9clmu9uc5g0` (`category_id`),
  KEY `FKofldie1977odh1kj5ym4yjo0a` (`owner_id`),
  CONSTRAINT `FK43qschwki1oecm9clmu9uc5g0` FOREIGN KEY (`category_id`) REFERENCES `biz_category` (`id`),
  CONSTRAINT `FK9kgejrr2qjykhxo85j0xxv1dr` FOREIGN KEY (`detail_id`) REFERENCES `biz_campaign_detail` (`id`),
  CONSTRAINT `FKofldie1977odh1kj5ym4yjo0a` FOREIGN KEY (`owner_id`) REFERENCES `sys_user` (`id`)
) ENGINE=InnoDB AUTO_INCREMENT=31 DEFAULT CHARSET=utf8mb4;

/*Data for the table `biz_campaign_intro` */

insert  into `biz_campaign_intro`(`id`,`create_time`,`current_money`,`description`,`end_time`,`is_eye`,`location`,`poster_img`,`title`,`total_money`,`update_time`,`detail_id`,`category_id`,`owner_id`) values (8,'2022-05-09 12:49:42.018000',4136,'Aluminum/stainless steel tripple layer dutch oven in shallow shape perfect for any type of cooking.\n','2022-12-01 11:00:00.000000','\0','中国 上海','http://localhost:8080/file/img/20220508111350413.jpg','TSBBQ Tripple Layer Shallow Dutch Oven',10000,'2022-05-09 12:49:42.018000',8,1,1),(9,'2022-05-08 08:00:00.000000',1000,'This project introduces rare Akoya pearl twin earrings and jewelry using baroque pearls. Works for both genders and perfect with casual clothes. Twin pearls are all made with 18K gold. Choose from five different options for explore your unique style.','2023-01-01 11:33:06.000000','\0','中国 上海','http://localhost:8080/file/img/20220508113249617.jpg','Akoya Pearl Jewlery',15000,'2022-05-08 08:00:00.000000',9,2,1),(11,'2022-05-09 12:38:15.369000',251,'Handcrafted wooden highball tumbler made of Hokkaido Mizunara Oak, the same material used for Japanese whiskey barrels.','2023-02-01 11:42:44.000000','\0','中国 江苏','http://localhost:8080/file/img/20220508114231753.jpg','Kurashiki Wooden Tumbler',2000,'2022-05-09 12:38:15.369000',11,2,1),(30,'2022-05-10 15:07:25.131000',2999,'Design, Quality & Affordability - All In One. From the Biking Capital of the World, Copenhagen','2023-01-01 15:07:23.000000','\0','中国 北京','http://localhost:8080/file/img/20220510230708763.jpg','STRØM CITY M 2.0 - The future of commuting',100000,'2022-05-10 15:07:25.131000',37,2,2);

/*Table structure for table `biz_category` */

DROP TABLE IF EXISTS `biz_category`;

CREATE TABLE `biz_category` (
  `id` bigint(20) NOT NULL AUTO_INCREMENT,
  `create_time` datetime(6) DEFAULT NULL,
  `description` varchar(255) DEFAULT NULL,
  `icon` varchar(255) DEFAULT NULL,
  `name` varchar(255) DEFAULT NULL,
  `order_num` int(11) NOT NULL,
  `update_time` datetime(6) DEFAULT NULL,
  PRIMARY KEY (`id`)
) ENGINE=InnoDB AUTO_INCREMENT=6 DEFAULT CHARSET=utf8mb4;

/*Data for the table `biz_category` */

insert  into `biz_category`(`id`,`create_time`,`description`,`icon`,`name`,`order_num`,`update_time`) values (1,NULL,NULL,'ion-home','家',1,NULL),(2,NULL,NULL,'fluent-backpack-16-filled','旅行 & 户外',2,NULL),(3,NULL,NULL,'ic-baseline-phone-android','科技',3,NULL),(4,NULL,NULL,'ri-mental-health-fill','健康',4,NULL),(5,NULL,NULL,'fontisto-film','出版物',5,NULL);

/*Table structure for table `biz_faq` */

DROP TABLE IF EXISTS `biz_faq`;

CREATE TABLE `biz_faq` (
  `id` bigint(20) NOT NULL AUTO_INCREMENT,
  `answer` varchar(255) DEFAULT NULL,
  `create_time` datetime(6) DEFAULT NULL,
  `question` varchar(255) DEFAULT NULL,
  `update_time` datetime(6) DEFAULT NULL,
  `detail_id` bigint(20) DEFAULT NULL,
  PRIMARY KEY (`id`),
  KEY `FKfy7ga7g8yim0xkfppknlfafxg` (`detail_id`),
  CONSTRAINT `FKfy7ga7g8yim0xkfppknlfafxg` FOREIGN KEY (`detail_id`) REFERENCES `biz_campaign_detail` (`id`)
) ENGINE=InnoDB AUTO_INCREMENT=16 DEFAULT CHARSET=utf8mb4;

/*Data for the table `biz_faq` */

insert  into `biz_faq`(`id`,`answer`,`create_time`,`question`,`update_time`,`detail_id`) values (1,'回答2','2022-05-08 11:00:59.848000','问题2','2022-05-08 11:00:59.848000',6),(2,'回答1','2022-05-08 11:00:59.848000','问题1','2022-05-08 11:00:59.848000',6),(3,'亲们开锅的时候如果怕烫到，厨房纸怕烧糊，可以使用一根大葱。\n1.注意是大葱，粗的那种。\n2.斜着切一个截面，拿着一整根涂。\n虽然过程有一点葱花味，但是真的好用又不烫，开完锅之后，把焦糊的截面切掉，剩下还可以接着做菜！','2022-05-08 11:21:24.700000','锅很烫怎么办？','2022-05-08 11:21:24.700000',8),(4,'今天用菜籽油给新买的锅子开锅，前两次用的是筷子，后两次用的是手。可能是用的油太少了，每次涂完厨房纸底部都烧黑了。所以第五次我多放了点油，打算用木铲涂，然后……boom，锅子里的油和厨房纸全烧起来了，火还特别旺，堪称大型厨房事故现场……我还特傻地去吹，还好没引起什么事故。','2022-05-08 11:21:24.700000','底部会烧焦了嘛？','2022-05-08 11:21:24.700000',8),(5,'我记得小时候，我姐姐从广东带回来一大包珍珠项链，有白色的，还有彩色的，特别漂亮。现在想想，应该就是淡水珠和海水珠了。彩色的珍珠又大又好看。应该很值钱吧，那是08年的时候，淡水的卖给我们村的阿姨们了。一条好像一百多两百的样子。','2022-05-08 11:35:15.241000','珍珠项链有什么故事？','2022-05-08 11:35:15.241000',9),(6,'每次把刚收到的珍珠绕脖子和手上，然后心里默念“贵妇”（￣▽￣）','2022-05-08 11:35:15.241000','戴珍珠项链是什么感受?','2022-05-08 11:35:15.241000',9),(7,'有','2022-05-08 11:44:49.239000','杯子有保质期嘛？','2022-05-08 11:44:49.239000',11),(8,'是的','2022-05-08 11:44:49.239000','杯子是木头做的吗？','2022-05-08 11:44:49.239000',11),(9,'回答','2022-05-09 13:16:08.641000','想问','2022-05-09 13:16:08.641000',NULL),(10,'微博1','2022-05-09 14:31:36.399000','微博1','2022-05-09 14:31:36.399000',NULL),(11,'给人留下良好的第一印象：介绍你的竞选目标，吸引人们了解更多。 这些基本信息将在您的活动页面、活动卡和搜索中代表您的活动。 活动的基础信息，将作为简略信息展示，总之简要介绍你的活动，尽量做到言简意赅。\n\n','2022-05-09 14:34:09.542000','22222222222222222222','2022-05-09 14:34:09.542000',NULL),(12,'2222222222222222','2022-05-10 06:45:55.674000','22222222','2022-05-10 06:45:55.674000',NULL),(13,'32323223','2022-05-10 08:51:29.058000','232323','2022-05-10 08:51:29.058000',NULL),(14,'黑马自行车很多年前质量还不错，现在你查不到是因为黑马自行车早已倒闭数年，目前已经沦为代加工工厂，为凤凰，小型外销订单等品牌做代工。','2022-05-10 15:10:42.358000','看看这辆自行车靠不靠谱？','2022-05-10 15:10:42.358000',37),(15,'曾经我是个自行车爱好者，所以就催生了要骑自行车上下班通勤的方式，妄想像风一样自由的打工。然而，就这个简单又朴素的想法，在上海操作起来也并不是那么容易。所以不骑车了。','2022-05-10 15:10:42.353000','为什么现在几乎没有人买自行车？','2022-05-10 15:10:42.353000',37);

/*Table structure for table `biz_journal` */

DROP TABLE IF EXISTS `biz_journal`;

CREATE TABLE `biz_journal` (
  `id` bigint(20) NOT NULL AUTO_INCREMENT,
  `content` text,
  `create_time` datetime(6) DEFAULT NULL,
  `description` varchar(255) DEFAULT NULL,
  `journal_type` varchar(255) DEFAULT NULL,
  `title` varchar(255) DEFAULT NULL,
  `update_time` datetime(6) DEFAULT NULL,
  `detail_id` bigint(20) DEFAULT NULL,
  `poster_img` varchar(255) DEFAULT NULL,
  PRIMARY KEY (`id`),
  KEY `FKxmtxarir66fyjpt4p474sjai` (`detail_id`),
  CONSTRAINT `FKxmtxarir66fyjpt4p474sjai` FOREIGN KEY (`detail_id`) REFERENCES `biz_campaign_detail` (`id`)
) ENGINE=InnoDB AUTO_INCREMENT=24 DEFAULT CHARSET=utf8mb4;

/*Data for the table `biz_journal` */

insert  into `biz_journal`(`id`,`content`,`create_time`,`description`,`journal_type`,`title`,`update_time`,`detail_id`,`poster_img`) values (1,'','2022-05-08 10:42:06.290000',NULL,'STORY',NULL,'2022-05-08 10:42:06.290000',1,NULL),(2,'无误哇哇哇哇','2022-05-08 11:00:59.843000',NULL,'STORY',NULL,'2022-05-08 11:00:59.843000',6,NULL),(3,'### About the Product\r\nThe Tsubame-Sanjo area in Niigata Prefecture is world-renowned for its metalworking technology. From Tsubame-Sanjo, we introduce a high-quality Dutch oven developed based on user feedback.\r\n\r\nThe most significant features of this Dutch oven are its material and shape.\r\n\r\nMany people may think of Dutch ovens as being made of cast iron, heavy, and difficult to clean. But this product is made of three layers of stainless steel and aluminum, so it does not require seasoning before first use and can be scrubbed with detergent. It is also rust-resistant, lightweight, and can be used with a variety of heat sources, including charcoal fire, ovens, and electric stoves. We have completed a Dutch oven that can be used not only outdoors but also at home.\r\n\r\nIn addition, the shape has been made shallower than that of a regular Dutch oven because we received many requests from users for a shallow type. It should be easy to use for all kinds of cooking such as boiling, baking, and frying. We created this Dutch oven with the idea of \"letting the user enjoy it freely and to the fullest,\" so please enjoy a variety of dishes such as standard stewed dishes, roast beef at a home party, roasted whole chicken, pizza, and more!\r\n\r\n### Specifications\r\n-Dutch oven body: 26.5 cm (10.43 inch) X 7.5 cm (2.95 inch), 1.5 kg (3.3 lb)\r\n\r\n-Lid: 26.5 cm (10.43 inch) X 3.5 cm (1.37 inch), 2.2 kg (4.85 lb)\r\n\r\n-Handle: 30 cm (11.81 inch) X 18 cm (7.08 inch), 182 g (0.4 lb)\r\n\r\n-Bottom net: 20.5 cm (8.07 inch) X 1.5 cm (0.59 inch), 175 g (0.38 lb)\r\n\r\n### Material\r\n-Dutch oven (body): Stainless steel & aluminum triple-layer steel\r\n\r\n-Dutch oven (handle), lid, handle, bottom net: stainless steel\r\n\r\n### About the Maker\r\nThis Dutch oven was created by TSBBQ, an outdoor brand that proposes a stylish barbecue style. Yamatani Industry, which has a history of over 40 years in the manufacturing town of Tsubame-Sanjo, launched the brand together with art director Ryuta Ishikawa and product designer Yu Takahashi.\r\n\r\nTSBBQ has two meanings.\r\n\r\nOne is \"Tsubame Sanjo BBQ.” TSBBQ is a name that represents the high quality, easy-to-use, and reliable products made with Tsubame-Sanjo\'s advanced technology.\r\n\r\nThe second is \"Try Stylish BBQ,\" which means we want to make the BBQ scene more stylish and enjoyable for as many people as possible.\r\n\r\nWe hope you will pick up this Dutch oven and enjoy the outdoors, as well as experience and feel the high technology of Tsubame-Sanjo.',NULL,NULL,'STORY',NULL,'2022-05-08 11:22:48.000000',8,NULL),(4,'Small twin pearls, which are very rare with Akoya pearls, and large freshwater baroque are used!\nCarefully select one pearl one by one in the world that is particular about \"Teri\", the standard that is said to be a good pearl!\nWe will deliver the fashion trend after spring, unisex pearl jewelry as soon as possible!\n■ Introduction of presenter \"atelier-nami\"\natelier-nami is a jewelry brand that focuses on 18-karat gold materials and natural diamonds.\nWe have been developing a project at Makuake since 2021.\n\nWith the price of gold and silver soaring, I would like to introduce high-quality metals and natural stones that are particular about 18-karat gold.\n\nThis project introduces rare Akoya pearl twin pearl earrings and jewelry using baroque pearls. Unisex pearl jewelery has also been attracting attention since last year.\nstory-image\nMake pearls more casual!\n\nstory-image\nYou can enjoy wearing it in unisex everyday clothes ...\n\n■ Outline of this Pearl Project\nThis time, atelier-nami introduces pearl jewelry.\n\nstory-image\n\nWhy did you pick up Pearl?\nThere is a reason for that.\n\nIn Okachimachi, Tokyo, which can be said to be the center of Japanese jewelry, something is happening right now. What wholesalers are saying these days,\n\n\"There are no more products to wholesale!\"\n\nNatural stones called colored stones such as diamonds, rubies and sapphires, and Japanese pearls are all running out of stock.\n\nAmong them, Japanese pearls are deeply popular mainly in Asia, and high quality pearls are traded at high prices.\n\nAnd one more\n\n\"The crisis of pearl farming in Japan\" is often reported in newspapers.\nFrom around 2019 to 2021, the pearl-producing cultivated Akoya pearl oysters will die for some reason.\n\nstory-image\nAgo Bay, the pearl producing area, is such a quiet sea ...\n\n\nDue to these factors, the number of Japanese pearls produced and distributed has decreased, and I wanted to inform you of this situation, so I took up pearls.\n\nBy the way, baroque pearls are the most talked about pearls these days.\n\n\nThe charm of baroque pearls is their unique shape.','2022-05-08 11:35:15.241000',NULL,'STORY',NULL,'2022-05-08 11:35:15.241000',9,NULL),(5,'### About the Product\nThe \"Kurashiki Wood Tumbler hi\" is a tumbler for whiskey and soda made of Quercus crispula from Hokkaido, which is also used as a material for aging barrels of Japanese whiskey.\n\nQuercus crispula is also known as \"Japanese Oak\" and is very popular worldwide as a furniture material.\n\nKagu-no-Hirayama, which has a 75-year history as a furniture workshop, has used its expert skills to process each piece by hand to create a high quality tumbler.\n\nUnlike glass, this tumbler has high strength and insulation properties, making it suitable for use at home, outdoors, and in a variety of other settings. In addition, since the coating is only applied on the inside to ensure water resistance, you can enjoy the change in color caused by the oil content unique to Quercus crispula on the outside. The tumber can be used for a long time without maintenance, but by maintaining it with beeswax, the texture of the wood will be revived and the color will become your own.\n\n### Specifications\nProduct Contents: Kurashiki wood tumbler hi, Beeswax cream (15ml), Maintenance guidebook\n\nSize: Diameter 7 cm (2.75 inch) Height 15 cm (5.90 inch)\n\nWeight: Approx. 120g (0.26 lb) (Due to the natural material, the weight may vary slightly from piece to piece.)\n\nCapacity: 300ml when full\n\n### About the Maker\nKagu-no-Hirayama has a 75-year history as a furniture workshop. We have been making furniture with the desire that our carefully crafted fine furniture will be used for a long time. We also believe that the long use of a single piece of furniture through repairs and refurbishments will lead to a sustainable society.\n\nThis product is the result of our efforts to create new objects that enrich people\'s lives based on the skills we have cultivated through furniture making. Tumblers carved from wood cannot be mass-produced by machine. They are a gem of our craftsmanship, carved out with our expert skills.\n\nThe craftsman who invented this product himself loves wood and alcohol. We would be happy if people who love sake could enjoy the unique qualities of wood with us.\n\n![](http://localhost:8080/file/img/20220508114344183.png)\n\n\n![](http://localhost:8080/file/img/20220508114354075.png)\n![](http://localhost:8080/file/img/20220508114359690.png)\n\n### Risk & Challenges\nInformation about the projectProject Attributes: Domestic ProductsExecutor (country): JapanProject Country: JapanCountry of manufacture: Japan*This is a product that is expected to have individual differences in the way it feels, etc. Therefore, we do not accept returns or refunds regarding the feel of the product. Therefore, we do not accept returns or refunds regarding the feeling of use, etc.We do not accept returns or refunds for anything other than initial defects.The color of the image may appear different from the actual product depending on the monitor environment.If the number of support purchases exceeds our expectation, the shipping time may be delayed due to manufacturing process reasons, etc.*If we receive more support than expected and are able to further enhance the mass production system, the general sales price may be lower than the planned price.The schedule described in this document is only a schedule at the time of the project release.Due to the nature of support purchases, there is a possibility of delivery delays.In principle, support purchase cannot be cancelled due to delivery delays.However, if the delivery is delayed for more than 3 months from the scheduled month of return delivery, we will cancel the purchase only if you wish to do so.Please understand and agree to the above precautions before making a purchase.Lastly, all of our team members will do their utmost to make everyone who picks up this product happy, so we ask for your support.','2022-05-08 11:44:49.240000',NULL,'STORY',NULL,'2022-05-08 11:44:49.240000',11,''),(8,'小伙伴们的反馈我么收到啦，\n\n共计发起两次造景仙鹤抽奖，展翅款，鹤立款。\n\n本次为展翅款仙鹤，发放十位幸运用户。\n\n几率超大的，快来转发助力鸭。\n\n奖品众筹结束开始发放。\n\n欧皇就是你！\n\n小伙伴们，有几日不见，\n\n\n\n会不会有想我们鸭？\n\n\n\n最近项目组就本次产品做出升级，\n\n\n\n现已完成初稿，快马加鞭前来汇报。\n\n\n\n大家快来找不同，看看本次升级与上一版本有几处区别？\n\n\n\n话说升级后的唳霜皋真的好美呀。','2022-05-09 17:08:12.000000','小伙伴们的反馈我么收到啦，共计发起两次造景仙鹤抽奖，展翅款，鹤立款。本次为展翅款仙鹤，发放十位幸运用户。几率超大的，快来转发助力鸭。奖品众筹结束开始发放。欧皇就是你！','JOURNAL','改良版升级，大家快来找不同','2022-05-09 17:08:19.000000',8,'http://localhost:8080/file/img/20220509004423008.jpg'),(13,'### About the Product\nThe Tsubame-Sanjo area in Niigata Prefecture is world-renowned for its metalworking technology. From Tsubame-Sanjo, we introduce a high-quality Dutch oven developed based on user feedback.\n\nThe most significant features of this Dutch oven are its material and shape.\n\nMany people may think of Dutch ovens as being made of cast iron, heavy, and difficult to clean. But this product is made of three layers of stainless steel and aluminum, so it does not require seasoning before first use and can be scrubbed with detergent. It is also rust-resistant, lightweight, and can be used with a variety of heat sources, including charcoal fire, ovens, and electric stoves. We have completed a Dutch oven that can be used not only outdoors but also at home.\n\nIn addition, the shape has been made shallower than that of a regular Dutch oven because we received many requests from users for a shallow type. It should be easy to use for all kinds of cooking such as boiling, baking, and frying. We created this Dutch oven with the idea of \"letting the user enjoy it freely and to the fullest,\" so please enjoy a variety of dishes such as standard stewed dishes, roast beef at a home party, roasted whole chicken, pizza, and more!\n\n## Specifications\n-Dutch oven body: 26.5 cm (10.43 inch) X 7.5 cm (2.95 inch), 1.5 kg (3.3 lb)\n\n-Lid: 26.5 cm (10.43 inch) X 3.5 cm (1.37 inch), 2.2 kg (4.85 lb)\n\n-Handle: 30 cm (11.81 inch) X 18 cm (7.08 inch), 182 g (0.4 lb)\n\n-Bottom net: 20.5 cm (8.07 inch) X 1.5 cm (0.59 inch), 175 g (0.38 lb)\n\n### Material\n-Dutch oven (body): Stainless steel & aluminum triple-layer steel\n\n-Dutch oven (handle), lid, handle, bottom net: stainless steel\n\n![](http://localhost:8080/file/img/20220509211547942.png)\n![](http://localhost:8080/file/img/20220509211554044.png)\n','2022-05-09 13:16:08.640000',NULL,'STORY',NULL,'2022-05-09 13:16:08.640000',NULL,NULL),(14,'故事故事故事故事故事故事故事故事故事故事故事故事故事故事故事故事故事故事故事故事故事故事故事故事故事故事故事故事故事故事故事故事故事故事故事故事故事故事故事故事故事故事故事故事故事故事故事故事故事故事故事故事故事故事故事故事故事故事故事故事故事故事故事故事故事故事故事故事故事故事故事故事故事故事故事故事故事故事故事故事故事故事故事故事故事故事故事故事故事故事故事故事故事故事故事故事故事故事故事故事故事故事故事故事故事故事故事故事故事故事故事故事故事故事故事故事故事故事故事故事故事故事故事故事故事故事故事故事故事故事故事故事故事故事故事故事故事故事故事故事故事故事故事故事故事故事故事故事故事故事故事故事故事故事故事故事故事故事故事故事故事故事故事故事故事故事故事故事故事故事故事故事故事故事故事故事故事故事故事故事故事故事故事故事故事故事故事故事故事故事故事故事故事故事故事故事故事故事故事故事故事故事故事故事故事故事故事故事故事故事故事故事故事故事故事故事故事故事故事故事故事故事故事故事故事故事故事故事故事故事故事故事故事故事故事故事故事故事故事故事故事故事故事故事故事故事故事故事故事故事故事故事故事故事故事故事故事故事故事故事故事故事故事故事故事故事故事故事故事故事故事故事故事故事故事故事故事故事故事故事故事故事故事故事故事故事故事故事故事故事故事故事故事故事故事故事故事故事故事故事故事故事故事故事故事故事故事故事故事故事故事故事故事故事故事故事故事故事故事故事故事故事故事故事故事故事故事故事故事故事故事故事故事故事故事故事故事故事故事故事故事故事故事故事故事故事故事故事故事故事故事故事故事故事故事故事故事故事故事故事故事故事故事故事故事故事故事故事故事故事故事故事故事故事故事故事故事故事故事故事故事故事故事故事故事故事故事故事故事故事故事故事故事故事故事故事','2022-05-09 14:31:36.399000',NULL,'STORY',NULL,'2022-05-09 14:31:36.399000',NULL,NULL),(15,'给人留下良好的第一印象：介绍你的竞选目标，吸引人们了解更多。 这些基本信息将在您的活动页面、活动卡和搜索中代表您的活动。 活动的基础信息，将作为简略信息展示，总之简要介绍你的活动，尽量做到言简意赅。\n\n给人留下良好的第一印象：介绍你的竞选目标，吸引人们了解更多。 这些基本信息将在您的活动页面、活动卡和搜索中代表您的活动。 活动的基础信息，将作为简略信息展示，总之简要介绍你的活动，尽量做到言简意赅。\n\n给人留下良好的第一印象：介绍你的竞选目标，吸引人们了解更多。 这些基本信息将在您的活动页面、活动卡和搜索中代表您的活动。 活动的基础信息，将作为简略信息展示，总之简要介绍你的活动，尽量做到言简意赅。\n\n','2022-05-09 14:34:09.542000',NULL,'STORY',NULL,'2022-05-09 14:34:09.542000',NULL,NULL),(21,'![](http://localhost:8080/file/img/20220510230833385.png)\n','2022-05-10 15:10:42.358000',NULL,'STORY',NULL,'2022-05-10 15:10:42.358000',37,NULL),(22,'\n## 我们是谁\n\n南京太创信息科技有限公司（微筹）是一个专注于创意众筹领域的平台。为创作者发声，2022年6月成立于南京。\n\n\n\n\n\n## 我们在做什么\n\n我们在塑造一个发现新奇好物的平台，为人们带来更多乐趣和可能性。\n\n微筹团队经常问自己：为什么创新精神没有得到应有的奖励？为什么一些品质拙劣的产品反而能大获“成功”？或许市场和资本只相信成王败寇。但微筹坚信，人们与生俱来的创造力才是文化创意生产的核心。\n\n《连线》杂志的凯文·凯利说：对于任何创造者，只需要找到1000个粉丝就能够维持生活，无论是艺术家、音乐家、游戏制作者、导演、动画师、作家还是其他职业。我们不确定1000这个数字是否精确。但可以确定的是，即使在这样浮躁的社会，仍然有人会被真正优秀的创意所打动。\n\n借助互联网的力量，微筹给每一位创造者提供了建立个人品牌的机会。所有人都可以向世界展示自己独一无二的创意作品，讲述这个创意是如何萌发，并一步步长大。 更重要的是，优秀的创作者会因为自己的辛勤付出获得相应资金支持，吸引一批志趣相投的伙伴，一起将创意变成现实。\n\n当志同道合的人们相遇，创意的火花随时会被点燃。\n\n这就是微筹存在的意义。\n\n## 联系我们\n\n\n\n进行商务合作，媒体访问，还是对维筹有新的意见和建议？\n\n欢迎您通过以下方式与我们联系。\n\n\n\n## 商务合作\n\n如果您想发起一次商务合作或者开始一个众筹项目，请发邮件至：2441051071#qq.com（将#替换为@）\n\n\n\n## 媒体采访及品牌合作\n\n如果您想对摩点进行采访或者开展品牌合作，，请发邮件至：2441051071#qq.com（将#替换为@）\n\n\n办公地址：南京信息工程大学\n\n工作时间：工作日9:30—18:30\n\n',NULL,NULL,'STORY',NULL,NULL,NULL,NULL),(23,'\r\n## 我们是谁\r\n\r\n南京太创信息科技有限公司（微筹）是一个专注于创意众筹领域的平台。为创作者发声，2022年6月成立于南京。\r\n\r\n\r\n\r\n\r\n\r\n## 我们在做什么\r\n\r\n我们在塑造一个发现新奇好物的平台，为人们带来更多乐趣和可能性。\r\n\r\n微筹团队经常问自己：为什么创新精神没有得到应有的奖励？为什么一些品质拙劣的产品反而能大获“成功”？或许市场和资本只相信成王败寇。但微筹坚信，人们与生俱来的创造力才是文化创意生产的核心。\r\n\r\n《连线》杂志的凯文·凯利说：对于任何创造者，只需要找到1000个粉丝就能够维持生活，无论是艺术家、音乐家、游戏制作者、导演、动画师、作家还是其他职业。我们不确定1000这个数字是否精确。但可以确定的是，即使在这样浮躁的社会，仍然有人会被真正优秀的创意所打动。\r\n\r\n借助互联网的力量，微筹给每一位创造者提供了建立个人品牌的机会。所有人都可以向世界展示自己独一无二的创意作品，讲述这个创意是如何萌发，并一步步长大。 更重要的是，优秀的创作者会因为自己的辛勤付出获得相应资金支持，吸引一批志趣相投的伙伴，一起将创意变成现实。\r\n\r\n当志同道合的人们相遇，创意的火花随时会被点燃。\r\n\r\n这就是微筹存在的意义。\r\n\r\n## 联系我们\r\n\r\n\r\n\r\n进行商务合作，媒体访问，还是对维筹有新的意见和建议？\r\n\r\n欢迎您通过以下方式与我们联系。\r\n\r\n\r\n\r\n## 商务合作\r\n\r\n如果您想发起一次商务合作或者开始一个众筹项目，请发邮件至：2441051071#qq.com（将#替换为@）\r\n\r\n\r\n\r\n## 媒体采访及品牌合作\r\n\r\n如果您想对摩点进行采访或者开展品牌合作，，请发邮件至：2441051071#qq.com（将#替换为@）\r\n\r\n\r\n办公地址：南京信息工程大学\r\n\r\n工作时间：工作日9:30—18:30\r\n\r\n','2022-05-10 23:30:39.000000','关于我们所作的一切为了创业者','JOURNAL','聚沙成塔,成就彼此','2022-05-10 23:30:24.000000',8,'http://localhost:8080/file/img/pixeltrue-plan-1.png');

/*Table structure for table `biz_pay_order` */

DROP TABLE IF EXISTS `biz_pay_order`;

CREATE TABLE `biz_pay_order` (
  `id` bigint(20) NOT NULL AUTO_INCREMENT,
  `create_time` datetime(6) DEFAULT NULL,
  `update_time` datetime(6) DEFAULT NULL,
  `perk_id` bigint(20) DEFAULT NULL,
  `detail_id` bigint(20) DEFAULT NULL,
  `owner_id` bigint(20) DEFAULT NULL,
  PRIMARY KEY (`id`),
  KEY `FK1ha16rhx3m96hxoxn2cwl4oeo` (`perk_id`),
  KEY `FK4wu9m5nidekhe3jvad5jpxv7w` (`detail_id`),
  KEY `FK8hrcaxxvjpyk6a7q4ayvho26h` (`owner_id`),
  CONSTRAINT `FK1ha16rhx3m96hxoxn2cwl4oeo` FOREIGN KEY (`perk_id`) REFERENCES `biz_perk` (`id`),
  CONSTRAINT `FK4wu9m5nidekhe3jvad5jpxv7w` FOREIGN KEY (`detail_id`) REFERENCES `biz_campaign_detail` (`id`),
  CONSTRAINT `FK8hrcaxxvjpyk6a7q4ayvho26h` FOREIGN KEY (`owner_id`) REFERENCES `sys_user` (`id`)
) ENGINE=InnoDB AUTO_INCREMENT=28 DEFAULT CHARSET=utf8mb4;

/*Data for the table `biz_pay_order` */

insert  into `biz_pay_order`(`id`,`create_time`,`update_time`,`perk_id`,`detail_id`,`owner_id`) values (5,'2022-05-09 06:01:38.348000','2022-05-09 06:01:38.348000',13,8,1),(6,'2022-05-09 11:02:59.848000','2022-05-09 11:02:59.848000',13,8,1),(12,'2022-05-09 11:19:05.358000','2022-05-09 11:19:05.358000',13,8,1),(13,'2022-05-09 11:19:20.113000','2022-05-09 11:19:20.113000',14,8,1),(14,'2022-05-09 11:20:01.185000','2022-05-09 11:20:01.185000',13,8,1),(15,'2022-05-09 11:21:22.043000','2022-05-09 11:21:22.043000',13,8,1),(16,'2022-05-09 11:23:21.092000','2022-05-09 11:23:21.092000',13,8,1),(17,'2022-05-09 12:38:15.320000','2022-05-09 12:38:15.320000',18,11,1),(18,'2022-05-09 12:38:47.547000','2022-05-09 12:38:47.547000',13,8,1),(19,'2022-05-09 12:49:42.008000','2022-05-09 12:49:42.008000',13,8,1),(20,'2022-05-09 12:53:46.179000','2022-05-09 12:53:46.179000',13,8,1),(21,'2022-05-09 12:55:47.640000','2022-05-09 12:55:47.640000',13,8,1),(22,'2022-05-09 13:13:46.390000','2022-05-09 13:13:46.390000',13,8,1),(23,'2022-05-10 14:19:11.425000','2022-05-10 14:19:11.425000',15,9,2),(24,'2022-05-10 14:19:44.223000','2022-05-10 14:19:44.223000',15,9,2),(25,'2022-05-10 14:21:21.564000','2022-05-10 14:21:21.564000',15,9,2),(26,'2022-05-10 14:24:56.968000','2022-05-10 14:24:56.968000',15,9,2),(27,'2022-05-10 15:50:22.575000','2022-05-10 15:50:22.575000',25,37,1);

/*Table structure for table `biz_perk` */

DROP TABLE IF EXISTS `biz_perk`;

CREATE TABLE `biz_perk` (
  `id` bigint(20) NOT NULL AUTO_INCREMENT,
  `create_time` datetime(6) DEFAULT NULL,
  `description` varchar(255) DEFAULT NULL,
  `order_num` int(11) NOT NULL,
  `poster_img` varchar(255) DEFAULT NULL,
  `price` int(11) NOT NULL,
  `title` varchar(255) DEFAULT NULL,
  `update_time` datetime(6) DEFAULT NULL,
  `detail_id` bigint(20) DEFAULT NULL,
  PRIMARY KEY (`id`),
  KEY `FKjlp2bw2xjo0gs3phxjomjf2lr` (`detail_id`),
  CONSTRAINT `FKjlp2bw2xjo0gs3phxjomjf2lr` FOREIGN KEY (`detail_id`) REFERENCES `biz_campaign_detail` (`id`)
) ENGINE=InnoDB AUTO_INCREMENT=27 DEFAULT CHARSET=utf8mb4;

/*Data for the table `biz_perk` */

insert  into `biz_perk`(`id`,`create_time`,`description`,`order_num`,`poster_img`,`price`,`title`,`update_time`,`detail_id`) values (1,NULL,'简简单单大海报，装饰趴踢',0,NULL,199,'海报',NULL,1),(2,'2022-05-08 10:35:26.723000','内容',0,'',199,'新的激励','2022-05-08 10:35:26.723000',1),(3,'2022-05-08 10:35:46.333000','内容',0,'',299,'第二个大激励','2022-05-08 10:35:46.333000',1),(5,'2022-05-08 10:42:26.290000','22222',0,'http://localhost:8080/file/img/20220508104224864.jpg',213322,'222','2022-05-08 10:42:26.290000',1),(6,'2022-05-08 10:43:27.394000','2222',0,'http://localhost:8080/file/img/20220508104325534.jpg',213322222,'22','2022-05-08 10:43:27.394000',1),(7,'2022-05-08 10:46:25.249000','233333',0,'http://localhost:8080/file/img/20220508104624256.jpg',3333,'12312323','2022-05-08 10:46:25.249000',1),(8,'2022-05-08 10:46:45.728000','1111111111111111111111111',0,'http://localhost:8080/file/img/20220508104643877.jpg',1111111,'111111','2022-05-08 10:46:45.728000',1),(9,'2022-05-08 10:48:28.576000','222222222222222222222222',0,'http://localhost:8080/file/img/20220508104827492.jpg',2322,'22222222222','2022-05-08 10:48:28.576000',1),(10,'2022-05-08 10:48:35.912000','3333333333',0,'http://localhost:8080/file/img/20220508104834766.jpg',33333,'3','2022-05-08 10:48:35.912000',1),(11,'2022-05-08 11:01:10.552000','回报描述1',0,'http://localhost:8080/file/img/20220508110108504.jpg',122,'回报1','2022-05-08 11:01:10.552000',6),(12,'2022-05-08 11:01:21.513000','回报描述2',0,'http://localhost:8080/file/img/20220508110119321.jpeg',222,'回报2','2022-05-08 11:01:21.513000',6),(13,'2022-05-08 11:24:57.474000','The second is \"Try Stylish BBQ,\" which means we want to make the BBQ scene more stylish and enjoyable for as many people as possible.',0,'http://localhost:8080/file/img/20220508112456304.png',189,'Option A) 1 Dutch Oven - Shallow Type','2022-05-08 11:24:57.474000',8),(14,'2022-05-08 11:25:27.717000','We hope you will pick up this Dutch oven and enjoy the outdoors, as well as experience and feel the high technology of Tsubame-Sanjo.',0,'http://localhost:8080/file/img/20220508112518610.png',199,'Option B) 1 Dutch Oven - Shallow Type & Bottom Net','2022-05-08 11:25:27.717000',8),(15,'2022-05-08 11:36:03.673000','Due to these factors, the number of Japanese pearls produced and distributed has decreased, and I wanted to inform you of this situation, so I took up pearls.',0,'http://localhost:8080/file/img/20220508113557592.png',1000,'Option D) 1 Baroque Choker Necklace','2022-05-08 11:36:03.673000',9),(16,'2022-05-08 11:36:26.183000','Natural stones called colored stones such as diamonds, rubies and sapphires, and Japanese pearls are all running out of stock.\n\n',0,'http://localhost:8080/file/img/20220508113622923.png',2000,'Option E) 1 Mini Keshi Pearl Silver Ring','2022-05-08 11:36:26.183000',9),(17,'2022-05-08 11:36:47.984000','In Okachimachi, Tokyo, which can be said to be the center of Japanese jewelry, something is happening right now. What wholesalers are saying these days,\n\n',0,'http://localhost:8080/file/img/20220508113645289.jpg',3000,'Option F) 1 Large Baroque Pearl Silver Necklace','2022-05-08 11:36:47.984000',9),(18,'2022-05-08 11:45:20.106000','Weight: Approx. 120g (0.26 lb) (Due to the natural material, the weight may vary slightly from piece to piece.)',0,'http://localhost:8080/file/img/20220508114518578.jpg',50,'Option A) 1 Wooden Tumbler','2022-05-08 11:45:20.106000',11),(19,'2022-05-09 13:16:25.250000','描述',0,'http://localhost:8080/file/img/20220509211622080.png',99,'激励','2022-05-09 13:16:25.250000',NULL),(20,'2022-05-09 14:32:02.755000','微博1微博1微博1微博1微博1微博1微博1微博1微博1微博1微博1微博1微博1微博1微博1微博1微博1微博1微博1微博1微博1微博1微博1微博1微博1微博1微博1微博1微博1微博1',0,'http://localhost:8080/file/img/20220509223200710.png',222,'标题','2022-05-09 14:32:02.755000',NULL),(21,'2022-05-09 14:34:17.956000','给人留下良好的第一印象：介绍你的竞选目标，吸引人们了解更多。 这些基本信息将在您的活动页面、活动卡和搜索中代表您的活动。 活动的基础信息，将作为简略信息展示，总之简要介绍你的活动，尽量做到言简意赅。\n\n',0,'http://localhost:8080/file/img/20220509223416139.png',222,'问题为我','2022-05-09 14:34:17.956000',NULL),(22,'2022-05-10 03:44:36.375000','3333333333333333333',0,'http://localhost:8080/file/img/20220510114435277.jpg',33333,'3','2022-05-10 03:44:36.375000',NULL),(23,'2022-05-10 08:51:33.850000','2323',0,'http://localhost:8080/file/img/20220510165132658.png',222,'2323','2022-05-10 08:51:33.850000',NULL),(24,'2022-05-10 15:12:29.334000','白色自信车，不掉色，耐久度高。明明是工业机械味的春风，却轻易将我的思绪带回十一岁那年的秋季。',0,'http://localhost:8080/file/img/20220510231223587.png',1999,'白色自行车','2022-05-10 15:12:29.334000',37),(25,'2022-05-10 15:13:01.052000','白色自信车，不掉色，耐久度高。明明是工业机械味的春风，却轻易将我的思绪带回十一岁那年的秋季。	',0,'http://localhost:8080/file/img/20220510231258092.png',2999,'白色豪华版','2022-05-10 15:13:01.052000',37),(26,'2022-05-10 15:13:25.826000','白色自信车，不掉色，耐久度高。明明是工业机械味的春风，却轻易将我的思绪带回十一岁那年的秋季。	',0,'http://localhost:8080/file/img/20220510231323244.png',3999,'白色终极款','2022-05-10 15:13:25.826000',37);

/*Table structure for table `sys_file` */

DROP TABLE IF EXISTS `sys_file`;

CREATE TABLE `sys_file` (
  `id` bigint(20) NOT NULL AUTO_INCREMENT,
  `create_time` datetime(6) DEFAULT NULL,
  `file_path` varchar(255) DEFAULT NULL,
  `full_file_path` varchar(255) DEFAULT NULL,
  `height` int(11) NOT NULL,
  `original_file_name` varchar(255) DEFAULT NULL,
  `size` bigint(20) NOT NULL,
  `suffix` varchar(255) DEFAULT NULL,
  `update_time` datetime(6) DEFAULT NULL,
  `width` int(11) NOT NULL,
  `user_id` bigint(20) DEFAULT NULL,
  PRIMARY KEY (`id`),
  KEY `FKjym8m658u46l75r72ctopy3kn` (`user_id`),
  CONSTRAINT `FKjym8m658u46l75r72ctopy3kn` FOREIGN KEY (`user_id`) REFERENCES `sys_user` (`id`)
) ENGINE=InnoDB AUTO_INCREMENT=99 DEFAULT CHARSET=utf8mb4;

/*Data for the table `sys_file` */

insert  into `sys_file`(`id`,`create_time`,`file_path`,`full_file_path`,`height`,`original_file_name`,`size`,`suffix`,`update_time`,`width`,`user_id`) values (1,'2022-05-08 01:11:35.860000','img/20220508011135852.jpg','http://localhost:8080/file/img/20220508011135852.jpg',442,'apic40634.jpg',116843,'.jpg','2022-05-08 01:11:35.860000',650,1),(2,'2022-05-08 01:13:16.369000','img/20220508011316367.jpeg','http://localhost:8080/file/img/20220508011316367.jpeg',400,'avatar.jpeg',19443,'.jpeg','2022-05-08 01:13:16.369000',400,1),(3,'2022-05-08 01:13:18.198000','img/20220508011318197.jpg','http://localhost:8080/file/img/20220508011318197.jpg',442,'apic40634.jpg',116843,'.jpg','2022-05-08 01:13:18.198000',650,1),(4,'2022-05-08 01:14:25.868000','img/20220508011425868.png','http://localhost:8080/file/img/20220508011425868.png',430,'image.png',319899,'.png','2022-05-08 01:14:25.868000',640,1),(5,'2022-05-08 01:14:40.612000','img/20220508011440611.png','http://localhost:8080/file/img/20220508011440611.png',417,'image.png',287474,'.png','2022-05-08 01:14:40.612000',640,1),(6,'2022-05-08 01:17:13.031000','img/20220508011713024.jpg','http://localhost:8080/file/img/20220508011713024.jpg',320,'320.jpg',63203,'.jpg','2022-05-08 01:17:13.031000',320,1),(7,'2022-05-08 01:18:25.902000','img/20220508011825900.jpg','http://localhost:8080/file/img/20220508011825900.jpg',750,'海报.jpg',54678,'.jpg','2022-05-08 01:18:25.902000',750,1),(8,'2022-05-08 10:33:12.273000','img/20220508103312257.jpeg','http://localhost:8080/file/img/20220508103312257.jpeg',400,'avatar.jpeg',19443,'.jpeg','2022-05-08 10:33:12.273000',400,1),(9,'2022-05-08 10:33:35.041000','img/20220508103335029.jpg','http://localhost:8080/file/img/20220508103335029.jpg',320,'320.jpg',63203,'.jpg','2022-05-08 10:33:35.041000',320,1),(10,'2022-05-08 10:34:53.795000','img/20220508103453795.jpg','http://localhost:8080/file/img/20220508103453795.jpg',750,'海报.jpg',54678,'.jpg','2022-05-08 10:34:53.795000',750,1),(11,'2022-05-08 10:35:22.411000','img/20220508103522409.jpeg','http://localhost:8080/file/img/20220508103522409.jpeg',400,'avatar.jpeg',19443,'.jpeg','2022-05-08 10:35:22.411000',400,1),(12,'2022-05-08 10:35:42.922000','img/20220508103542920.jpg','http://localhost:8080/file/img/20220508103542920.jpg',750,'海报.jpg',54678,'.jpg','2022-05-08 10:35:42.922000',750,1),(13,'2022-05-08 10:42:11.032000','img/20220508104211029.jpg','http://localhost:8080/file/img/20220508104211029.jpg',320,'320.jpg',63203,'.jpg','2022-05-08 10:42:11.032000',320,1),(14,'2022-05-08 10:42:24.876000','img/20220508104224864.jpg','http://localhost:8080/file/img/20220508104224864.jpg',975,'apic40551.jpg',209529,'.jpg','2022-05-08 10:42:24.876000',650,1),(15,'2022-05-08 10:43:25.536000','img/20220508104325534.jpg','http://localhost:8080/file/img/20220508104325534.jpg',974,'apic40631.jpg',309704,'.jpg','2022-05-08 10:43:25.536000',650,1),(16,'2022-05-08 10:46:24.258000','img/20220508104624256.jpg','http://localhost:8080/file/img/20220508104624256.jpg',320,'320.jpg',63203,'.jpg','2022-05-08 10:46:24.258000',320,1),(17,'2022-05-08 10:46:43.880000','img/20220508104643877.jpg','http://localhost:8080/file/img/20220508104643877.jpg',442,'apic40634.jpg',116843,'.jpg','2022-05-08 10:46:43.880000',650,1),(18,'2022-05-08 10:48:00.557000','img/20220508104800556.jpg','http://localhost:8080/file/img/20220508104800556.jpg',320,'320.jpg',63203,'.jpg','2022-05-08 10:48:00.557000',320,1),(19,'2022-05-08 10:48:27.493000','img/20220508104827492.jpg','http://localhost:8080/file/img/20220508104827492.jpg',320,'320.jpg',63203,'.jpg','2022-05-08 10:48:27.493000',320,1),(20,'2022-05-08 10:48:34.766000','img/20220508104834766.jpg','http://localhost:8080/file/img/20220508104834766.jpg',442,'apic40634.jpg',116843,'.jpg','2022-05-08 10:48:34.766000',650,1),(21,'2022-05-08 10:55:53.722000','img/20220508105553720.jpg','http://localhost:8080/file/img/20220508105553720.jpg',320,'320.jpg',63203,'.jpg','2022-05-08 10:55:53.722000',320,1),(22,'2022-05-08 10:56:07.988000','img/20220508105607986.jpg','http://localhost:8080/file/img/20220508105607986.jpg',974,'apic40631.jpg',309704,'.jpg','2022-05-08 10:56:07.988000',650,1),(23,'2022-05-08 10:56:10.056000','img/20220508105610054.jpg','http://localhost:8080/file/img/20220508105610054.jpg',442,'apic40634.jpg',116843,'.jpg','2022-05-08 10:56:10.056000',650,1),(24,'2022-05-08 10:56:36.508000','img/20220508105636496.jpg','http://localhost:8080/file/img/20220508105636496.jpg',442,'apic40634.jpg',116843,'.jpg','2022-05-08 10:56:36.508000',650,1),(25,'2022-05-08 10:57:39.019000','img/20220508105739018.jpg','http://localhost:8080/file/img/20220508105739018.jpg',320,'320.jpg',63203,'.jpg','2022-05-08 10:57:39.019000',320,1),(26,'2022-05-08 11:00:40.124000','img/20220508110040122.jpg','http://localhost:8080/file/img/20220508110040122.jpg',320,'320.jpg',63203,'.jpg','2022-05-08 11:00:40.124000',320,1),(27,'2022-05-08 11:00:42.163000','img/20220508110042161.jpg','http://localhost:8080/file/img/20220508110042161.jpg',442,'apic40634.jpg',116843,'.jpg','2022-05-08 11:00:42.163000',650,1),(28,'2022-05-08 11:01:08.516000','img/20220508110108504.jpg','http://localhost:8080/file/img/20220508110108504.jpg',320,'320.jpg',63203,'.jpg','2022-05-08 11:01:08.516000',320,1),(29,'2022-05-08 11:01:19.322000','img/20220508110119321.jpeg','http://localhost:8080/file/img/20220508110119321.jpeg',400,'avatar.jpeg',19443,'.jpeg','2022-05-08 11:01:19.322000',400,1),(30,'2022-05-08 11:13:50.442000','img/20220508111350413.jpg','http://localhost:8080/file/img/20220508111350413.jpg',853,'campaignPosterImg.jpg',175034,'.jpg','2022-05-08 11:13:50.442000',1280,1),(31,'2022-05-08 11:18:34.206000','img/20220508111834196.jpg','http://localhost:8080/file/img/20220508111834196.jpg',853,'campaignPosterImg1.jpg',170505,'.jpg','2022-05-08 11:18:34.206000',1280,1),(32,'2022-05-08 11:18:35.770000','img/20220508111835768.jpg','http://localhost:8080/file/img/20220508111835768.jpg',853,'mk24115_3.jpg',147366,'.jpg','2022-05-08 11:18:35.770000',1280,1),(33,'2022-05-08 11:18:37.448000','img/20220508111837446.jpg','http://localhost:8080/file/img/20220508111837446.jpg',853,'mk24115_4.jpg',136923,'.jpg','2022-05-08 11:18:37.448000',1280,1),(34,'2022-05-08 11:18:38.943000','img/20220508111838941.jpg','http://localhost:8080/file/img/20220508111838941.jpg',853,'mk24115_5.jpg',142436,'.jpg','2022-05-08 11:18:38.943000',1280,1),(35,'2022-05-08 11:18:40.909000','img/20220508111840905.jpg','http://localhost:8080/file/img/20220508111840905.jpg',853,'mk24115_6.jpg',199784,'.jpg','2022-05-08 11:18:40.909000',1280,1),(36,'2022-05-08 11:18:42.651000','img/20220508111842649.jpg','http://localhost:8080/file/img/20220508111842649.jpg',1301,'mk24115_7.jpg',87978,'.jpg','2022-05-08 11:18:42.651000',1280,1),(37,'2022-05-08 11:18:44.710000','img/20220508111844697.jpg','http://localhost:8080/file/img/20220508111844697.jpg',1301,'mk24115_8.jpg',96948,'.jpg','2022-05-08 11:18:44.710000',1280,1),(38,'2022-05-08 11:20:15.674000','img/20220508112015672.png','http://localhost:8080/file/img/20220508112015672.png',271,'image.png',38684,'.png','2022-05-08 11:20:15.674000',849,1),(39,'2022-05-08 11:20:22.895000','img/20220508112022893.png','http://localhost:8080/file/img/20220508112022893.png',271,'image.png',38684,'.png','2022-05-08 11:20:22.895000',849,1),(40,'2022-05-08 11:24:56.307000','img/20220508112456304.png','http://localhost:8080/file/img/20220508112456304.png',853,'mk241151_1_1.png',646605,'.png','2022-05-08 11:24:56.307000',1280,1),(41,'2022-05-08 11:25:18.614000','img/20220508112518610.png','http://localhost:8080/file/img/20220508112518610.png',853,'mk241152_2_1.png',883930,'.png','2022-05-08 11:25:18.614000',1280,1),(42,'2022-05-08 11:32:49.619000','img/20220508113249617.jpg','http://localhost:8080/file/img/20220508113249617.jpg',720,'mk24529_1.jpg',79295,'.jpg','2022-05-08 11:32:49.619000',1280,1),(43,'2022-05-08 11:33:54.500000','img/20220508113354488.jpg','http://localhost:8080/file/img/20220508113354488.jpg',720,'mk24529_2.jpg',87434,'.jpg','2022-05-08 11:33:54.500000',1280,1),(44,'2022-05-08 11:33:55.995000','img/20220508113355993.jpg','http://localhost:8080/file/img/20220508113355993.jpg',720,'mk24529_3.jpg',135445,'.jpg','2022-05-08 11:33:55.995000',1280,1),(45,'2022-05-08 11:33:57.561000','img/20220508113357559.jpg','http://localhost:8080/file/img/20220508113357559.jpg',1280,'mk24529_4.jpg',91060,'.jpg','2022-05-08 11:33:57.561000',1280,1),(46,'2022-05-08 11:33:59.099000','img/20220508113359097.jpg','http://localhost:8080/file/img/20220508113359097.jpg',1280,'mk24529_5.jpg',113046,'.jpg','2022-05-08 11:33:59.099000',1280,1),(47,'2022-05-08 11:34:01.197000','img/20220508113401184.jpg','http://localhost:8080/file/img/20220508113401184.jpg',720,'mk24529_6.jpg',63269,'.jpg','2022-05-08 11:34:01.197000',1280,1),(48,'2022-05-08 11:35:57.594000','img/20220508113557592.png','http://localhost:8080/file/img/20220508113557592.png',720,'mk245294_4_1.png',879194,'.png','2022-05-08 11:35:57.594000',1280,1),(49,'2022-05-08 11:36:22.925000','img/20220508113622923.png','http://localhost:8080/file/img/20220508113622923.png',720,'mk245295_5_1.png',781503,'.png','2022-05-08 11:36:22.925000',1280,1),(50,'2022-05-08 11:36:45.291000','img/20220508113645289.jpg','http://localhost:8080/file/img/20220508113645289.jpg',1280,'mk24529_5.jpg',113046,'.jpg','2022-05-08 11:36:45.291000',1280,1),(51,'2022-05-08 11:42:31.756000','img/20220508114231753.jpg','http://localhost:8080/file/img/20220508114231753.jpg',853,'mk24501_1.jpg',111935,'.jpg','2022-05-08 11:42:31.756000',1280,1),(52,'2022-05-08 11:42:58.035000','img/20220508114258033.jpg','http://localhost:8080/file/img/20220508114258033.jpg',853,'mk24501_2.jpg',104531,'.jpg','2022-05-08 11:42:58.035000',1280,1),(53,'2022-05-08 11:42:59.593000','img/20220508114259591.jpg','http://localhost:8080/file/img/20220508114259591.jpg',853,'mk24501_3.jpg',103923,'.jpg','2022-05-08 11:42:59.593000',1280,1),(54,'2022-05-08 11:43:01.712000','img/20220508114301710.jpg','http://localhost:8080/file/img/20220508114301710.jpg',853,'mk24501_4.jpg',47866,'.jpg','2022-05-08 11:43:01.712000',1280,1),(55,'2022-05-08 11:43:03.569000','img/20220508114303567.jpg','http://localhost:8080/file/img/20220508114303567.jpg',853,'mk24501_5.jpg',118667,'.jpg','2022-05-08 11:43:03.569000',1280,1),(56,'2022-05-08 11:43:07.086000','img/20220508114307085.jpg','http://localhost:8080/file/img/20220508114307085.jpg',979,'mk24501_9.jpg',70635,'.jpg','2022-05-08 11:43:07.086000',1280,1),(57,'2022-05-08 11:43:44.185000','img/20220508114344183.png','http://localhost:8080/file/img/20220508114344183.png',640,'image.png',656277,'.png','2022-05-08 11:43:44.185000',640,1),(58,'2022-05-08 11:43:54.077000','img/20220508114354075.png','http://localhost:8080/file/img/20220508114354075.png',600,'image.png',566264,'.png','2022-05-08 11:43:54.077000',400,1),(59,'2022-05-08 11:43:59.692000','img/20220508114359690.png','http://localhost:8080/file/img/20220508114359690.png',640,'image.png',660439,'.png','2022-05-08 11:43:59.692000',640,1),(60,'2022-05-08 11:45:18.579000','img/20220508114518578.jpg','http://localhost:8080/file/img/20220508114518578.jpg',853,'mk24501_7.jpg',30202,'.jpg','2022-05-08 11:45:18.579000',1280,1),(61,'2022-05-08 16:25:27.743000','img/20220509002527724.jpg','http://localhost:8080/file/img/20220509002527724.jpg',308,'md_product_draw.jpg',24578,'.jpg','2022-05-08 16:25:27.743000',720,1),(62,'2022-05-08 16:30:15.252000','img/20220509003015230.jpg','http://localhost:8080/file/img/20220509003015230.jpg',308,'md_product_draw.jpg',24578,'.jpg','2022-05-08 16:30:15.252000',720,1),(63,'2022-05-08 16:31:37.368000','img/20220509003137365.jpg','http://localhost:8080/file/img/20220509003137365.jpg',308,'md_product_draw.jpg',24578,'.jpg','2022-05-08 16:31:37.368000',720,1),(64,'2022-05-08 16:32:00.995000','img/20220509003200993.jpg','http://localhost:8080/file/img/20220509003200993.jpg',308,'md_product_draw.jpg',24578,'.jpg','2022-05-08 16:32:00.995000',720,1),(65,'2022-05-08 16:44:23.009000','img/20220509004423008.jpg','http://localhost:8080/file/img/20220509004423008.jpg',308,'md_product_draw.jpg',24578,'.jpg','2022-05-08 16:44:23.009000',720,1),(66,'2022-05-09 12:58:16.097000','img/20220509205816084.jpg','http://localhost:8080/file/img/20220509205816084.jpg',1080,'possx.jpg',827805,'.jpg','2022-05-09 12:58:16.097000',1080,1),(67,'2022-05-09 13:14:22.117000','img/20220509211422108.jpg','http://localhost:8080/file/img/20220509211422108.jpg',853,'campaignPosterImg1.jpg',170505,'.jpg','2022-05-09 13:14:22.117000',1280,1),(68,'2022-05-09 13:15:13.978000','img/20220509211513976.jpg','http://localhost:8080/file/img/20220509211513976.jpg',853,'mk24115_3.jpg',147366,'.jpg','2022-05-09 13:15:13.978000',1280,1),(69,'2022-05-09 13:15:15.556000','img/20220509211515554.jpg','http://localhost:8080/file/img/20220509211515554.jpg',853,'campaignPosterImg.jpg',175034,'.jpg','2022-05-09 13:15:15.556000',1280,1),(70,'2022-05-09 13:15:47.944000','img/20220509211547942.png','http://localhost:8080/file/img/20220509211547942.png',591,'image.png',70313,'.png','2022-05-09 13:15:47.944000',399,1),(71,'2022-05-09 13:15:54.047000','img/20220509211554044.png','http://localhost:8080/file/img/20220509211554044.png',703,'image.png',963709,'.png','2022-05-09 13:15:54.047000',1080,1),(72,'2022-05-09 13:16:22.083000','img/20220509211622080.png','http://localhost:8080/file/img/20220509211622080.png',853,'mk241151_1_1.png',646605,'.png','2022-05-09 13:16:22.083000',1280,1),(73,'2022-05-09 14:30:59.531000','img/20220509223059517.jpg','http://localhost:8080/file/img/20220509223059517.jpg',853,'campaignPosterImg1.jpg',170505,'.jpg','2022-05-09 14:30:59.531000',1280,1),(74,'2022-05-09 14:31:14.866000','img/20220509223114865.jpg','http://localhost:8080/file/img/20220509223114865.jpg',853,'mk24115_4.jpg',136923,'.jpg','2022-05-09 14:31:14.866000',1280,1),(75,'2022-05-09 14:31:16.269000','img/20220509223116266.jpg','http://localhost:8080/file/img/20220509223116266.jpg',853,'mk24115_6.jpg',199784,'.jpg','2022-05-09 14:31:16.269000',1280,1),(76,'2022-05-09 14:31:17.530000','img/20220509223117529.jpg','http://localhost:8080/file/img/20220509223117529.jpg',853,'mk24115_5.jpg',142436,'.jpg','2022-05-09 14:31:17.530000',1280,1),(77,'2022-05-09 14:31:19.394000','img/20220509223119392.jpg','http://localhost:8080/file/img/20220509223119392.jpg',853,'campaignPosterImg.jpg',175034,'.jpg','2022-05-09 14:31:19.394000',1280,1),(78,'2022-05-09 14:31:48.674000','img/20220509223148672.jpg','http://localhost:8080/file/img/20220509223148672.jpg',853,'mk24115_3.jpg',147366,'.jpg','2022-05-09 14:31:48.674000',1280,1),(79,'2022-05-09 14:32:00.713000','img/20220509223200710.png','http://localhost:8080/file/img/20220509223200710.png',853,'mk241152_2_1.png',883930,'.png','2022-05-09 14:32:00.713000',1280,1),(80,'2022-05-09 14:33:50.506000','img/20220509223350504.jpg','http://localhost:8080/file/img/20220509223350504.jpg',853,'mk24115_3.jpg',147366,'.jpg','2022-05-09 14:33:50.506000',1280,1),(81,'2022-05-09 14:34:00.906000','img/20220509223400904.jpg','http://localhost:8080/file/img/20220509223400904.jpg',853,'campaignPosterImg1.jpg',170505,'.jpg','2022-05-09 14:34:00.906000',1280,1),(82,'2022-05-09 14:34:02.154000','img/20220509223402154.jpg','http://localhost:8080/file/img/20220509223402154.jpg',853,'campaignPosterImg.jpg',175034,'.jpg','2022-05-09 14:34:02.154000',1280,1),(83,'2022-05-09 14:34:03.554000','img/20220509223403552.jpg','http://localhost:8080/file/img/20220509223403552.jpg',853,'mk24115_5.jpg',142436,'.jpg','2022-05-09 14:34:03.554000',1280,1),(84,'2022-05-09 14:34:16.141000','img/20220509223416139.png','http://localhost:8080/file/img/20220509223416139.png',853,'mk241151_1_1.png',646605,'.png','2022-05-09 14:34:16.141000',1280,1),(85,'2022-05-10 03:44:25.161000','img/20220510114425138.png','http://localhost:8080/file/img/20220510114425138.png',853,'mk241152_2_1.png',883930,'.png','2022-05-10 03:44:25.161000',1280,1),(86,'2022-05-10 03:44:35.279000','img/20220510114435277.jpg','http://localhost:8080/file/img/20220510114435277.jpg',853,'mk24115_4.jpg',136923,'.jpg','2022-05-10 03:44:35.279000',1280,1),(87,'2022-05-10 06:51:11.829000','img/20220510145111804.jpg','http://localhost:8080/file/img/20220510145111804.jpg',853,'campaignPosterImg1.jpg',170505,'.jpg','2022-05-10 06:51:11.829000',1280,1),(88,'2022-05-10 08:51:32.671000','img/20220510165132658.png','http://localhost:8080/file/img/20220510165132658.png',853,'mk241151_1_1.png',646605,'.png','2022-05-10 08:51:32.671000',1280,1),(89,'2022-05-10 14:49:20.426000','img/20220510224920416.jpg','http://localhost:8080/file/img/20220510224920416.jpg',750,'海报.jpg',54678,'.jpg','2022-05-10 14:49:20.426000',750,2),(90,'2022-05-10 15:07:08.766000','img/20220510230708763.jpg','http://localhost:8080/file/img/20220510230708763.jpg',460,'tppuc6pcg1nmveypxq5e.jpg',52808,'.jpg','2022-05-10 15:07:08.766000',695,2),(91,'2022-05-10 15:07:44.469000','img/20220510230744467.jpg','http://localhost:8080/file/img/20220510230744467.jpg',460,'bq3wu98tnroz6qqfc89k.jpg',75824,'.jpg','2022-05-10 15:07:44.469000',695,2),(92,'2022-05-10 15:07:46.509000','img/20220510230746507.jpg','http://localhost:8080/file/img/20220510230746507.jpg',460,'tppuc6pcg1nmveypxq5e.jpg',52808,'.jpg','2022-05-10 15:07:46.509000',695,2),(93,'2022-05-10 15:07:50.311000','img/20220510230750309.jpg','http://localhost:8080/file/img/20220510230750309.jpg',460,'bq3wu98tnroz6qqfc89k.jpg',75824,'.jpg','2022-05-10 15:07:50.311000',695,2),(94,'2022-05-10 15:07:52.109000','img/20220510230752107.jpg','http://localhost:8080/file/img/20220510230752107.jpg',460,'tppuc6pcg1nmveypxq5e.jpg',52808,'.jpg','2022-05-10 15:07:52.109000',695,2),(95,'2022-05-10 15:08:33.388000','img/20220510230833385.png','http://localhost:8080/file/img/20220510230833385.png',3289,'image.png',1021857,'.png','2022-05-10 15:08:33.388000',756,2),(96,'2022-05-10 15:12:23.589000','img/20220510231223587.png','http://localhost:8080/file/img/20220510231223587.png',465,'微信图片_20220510231208.png',249778,'.png','2022-05-10 15:12:23.589000',728,2),(97,'2022-05-10 15:12:58.094000','img/20220510231258092.png','http://localhost:8080/file/img/20220510231258092.png',465,'微信图片_20220510231208.png',249778,'.png','2022-05-10 15:12:58.094000',728,2),(98,'2022-05-10 15:13:23.245000','img/20220510231323244.png','http://localhost:8080/file/img/20220510231323244.png',465,'微信图片_20220510231208.png',249778,'.png','2022-05-10 15:13:23.245000',728,2);

/*Table structure for table `sys_user` */

DROP TABLE IF EXISTS `sys_user`;

CREATE TABLE `sys_user` (
  `id` bigint(20) NOT NULL AUTO_INCREMENT,
  `avatar` varchar(255) DEFAULT NULL,
  `bilibili` varchar(255) DEFAULT NULL,
  `birth` datetime(6) DEFAULT NULL,
  `create_time` datetime(6) DEFAULT NULL,
  `email` varchar(255) DEFAULT NULL,
  `gender` bit(1) NOT NULL,
  `mobile` varchar(255) DEFAULT NULL,
  `nickname` varchar(255) DEFAULT NULL,
  `password` varchar(255) DEFAULT NULL,
  `role` varchar(255) DEFAULT NULL,
  `update_time` datetime(6) DEFAULT NULL,
  `username` varchar(255) DEFAULT NULL,
  `wechat` varchar(255) DEFAULT NULL,
  PRIMARY KEY (`id`),
  UNIQUE KEY `idx_user_username` (`username`)
) ENGINE=InnoDB AUTO_INCREMENT=5 DEFAULT CHARSET=utf8mb4;

/*Data for the table `sys_user` */

insert  into `sys_user`(`id`,`avatar`,`bilibili`,`birth`,`create_time`,`email`,`gender`,`mobile`,`nickname`,`password`,`role`,`update_time`,`username`,`wechat`) values (1,'http://localhost:8080/file/img/20220508103312257.jpeg','guanbi','1999-12-01 00:00:00.000000','2022-05-08 01:10:21.444000','duofancc@qq.com','','13775453415','多凡','$2a$10$Fvzthu.Bfmem1Uf1Q0KbLOyLIzsL5Xzc4VxpUKLxQ0cpoNkoJ81Fa','COMMON','2022-05-08 01:10:21.444000','duofan','wudizanshen11'),(2,'http://localhost:8080/file/img/20220510224920416.jpg',NULL,'1999-12-31 00:00:00.000000','2022-05-10 12:01:35.915000','1779670713@qq.com','',NULL,'阿宝','$2a$10$sBkRakVW6XjfT3df3szR4ukdy5oq8y3vW7B4MeVsc2Z9bgxfVJ9zC','COMMON','2022-05-10 12:01:35.915000','abao',NULL),(3,NULL,NULL,'1999-12-31 16:00:00.000000','2022-10-30 15:20:39.871000','root','',NULL,'root','$2a$10$Fvzthu.Bfmem1Uf1Q0KbLOyLIzsL5Xzc4VxpUKLxQ0cpoNkoJ81Fa','ADMIN','2022-10-30 15:20:39.871000','admin',NULL);

/*!40101 SET SQL_MODE=@OLD_SQL_MODE */;
/*!40014 SET FOREIGN_KEY_CHECKS=@OLD_FOREIGN_KEY_CHECKS */;
/*!40014 SET UNIQUE_CHECKS=@OLD_UNIQUE_CHECKS */;
/*!40111 SET SQL_NOTES=@OLD_SQL_NOTES */;
